Element ID,Key
1199446,EntryFrontDoor-T
1199446,AccentColor_T
1199760,EntryRearDoor-T
1934193,EntryDoorBell-T
1203863,EntryGarageDoor-T
1203863,GarageDoorColor_T
1208204,ColumnFinish_T
1208663,ColumnFinish_T
1194959,MainMaterial_T
1195092,MainMaterial_T
1195192,MainMaterial_T
1195243,MainMaterial_T
1195312,MainMaterial_T
1195565,MainMaterial_T
1195950,MainMaterial_T
1196017,MainMaterial_T
1196146,MainMaterial_T
1202298,MainMaterial_T
1202407,MainMaterial_T
1202715,MainMaterial_T
1202749,MainMaterial_T
1208993,MainMaterial_T
1209412,MainMaterial_T
1209549,MainMaterial_T
1209662,MainMaterial_T
1209976,MainMaterial_T
1210112,MainMaterial_T
1212870,MainMaterial_T
1212997,MainMaterial_T
1909889,MainMaterial_T
1910031,MainMaterial_T
1910465,MainMaterial_T
1194959,MainMaterial_T
1195092,MainMaterial_T
1195565,MainMaterial_T
1195950,MainMaterial_T
1202298,MainMaterial_T
1202407,MainMaterial_T
1202715,MainMaterial_T
1202749,MainMaterial_T
1209412,MainMaterial_T
1212870,MainMaterial_T
1909889,MainMaterial_T
1910031,MainMaterial_T
1910465,MainMaterial_T
1194959,MainMaterial_T
1195092,MainMaterial_T
1195565,MainMaterial_T
1195950,MainMaterial_T
1202298,MainMaterial_T
1202407,MainMaterial_T
1202715,MainMaterial_T
1202749,MainMaterial_T
1209412,MainMaterial_T
1212870,MainMaterial_T
1909889,MainMaterial_T
1910031,MainMaterial_T
1910465,MainMaterial_T
5010479,BaseMaterial_T
5010480,BaseMaterial_T
5010481,BaseMaterial_T
5010482,BaseMaterial_T
5010483,BaseMaterial_T
5010484,BaseMaterial_T
5010485,BaseMaterial_T
5010486,BaseMaterial_T
5010487,BaseMaterial_T
5010488,BaseMaterial_T
5010489,BaseMaterial_T
5010490,BaseMaterial_T
5010492,BaseMaterial_T
1207236,RoofMaterial_T
1207326,RoofMaterial_T
1207362,RoofMaterial_T
1208122,RoofGutter-T
2145125,EntryDriveway_T
1307018,EntryWalkway_T
1933851,PorchLight-T
1934349,PorchLight-T
2144444,PorchLight-T
4150857,PorchLight-T
1195565,BedroomWallMain_material
1195711,BedroomWallMain_material
1197380,BedroomWallMain_material
1197315,BedroomWallMain_material
1202529,BedroomWallMain_material
1202672,BedroomWallMain_material
1197577,BedroomWallMain_material
1910842,BedroomWallMain_material
1197868,BedroomWallMain_material
1202833,BedroomWallMain_material
1197932,BedroomWallMain_material
1198142,BedroomWallMain_material
1198392,BedroomWallMain_material
1198326,BedroomWallMain_material
1198227,BedroomWallMain_material
1910031,BedroomWallMain_material
1195092,LivingWallMain_material
1909889,LivingWallMain_material
1198227,LivingWallMain_material
1212870,LivingWallMain_material
1213199,LivingWallMain_material
1195312,LivingWallMain_material
1196963,LivingWallMain_material
1912521,LivingWallMain_material
1209549,LivingWallMain_material
1212870,LivingWallMain_material
1196696,KitchenWallMain_material
1196805,KitchenWallMain_material
1202264,KitchenWallMain_material
1212870,KitchenWallMain_material
1197674,GeneralWallMain_material
1195565,GeneralWallMain_material
1197577,GeneralWallMain_material
1197999,GeneralWallMain_material
1202715,GeneralWallMain_material
1207991,GeneralWallMain_material
1910842,GeneralWallMain_material
1941937,GeneralWallMain_material
1197932,GeneralWallMain_material
1197674,GeneralWallMain_material
1202833,GeneralWallMain_material
1910465,GeneralWallMain_material
1950675,GeneralWallMain_material
1194959,GeneralWallMain_material
1202749,GeneralWallMain_material
1197754,GeneralWallMain_material
1197868,GeneralWallMain_material
1198227,GeneralWallMain_material
1198326,GeneralWallMain_material
1198392,GeneralWallMain_material
1223580,GeneralWallMain_material
1195711,GeneralWallMain_material
1197227,GeneralWallMain_material
1202529,GeneralWallMain_material
1197315,GeneralWallMain_material
1197380,GeneralWallMain_material
1202608,GeneralWallMain_material
1197471,GeneralWallMain_material
1197618,GeneralWallMain_material
1202474,GeneralWallMain_material
1202529,GeneralWallMain_material
1195711,GeneralWallMain_material
1197109,GeneralWallMain_material
1912480,GeneralWallMain_material
1197471,GeneralWallMain_material
1197227,GeneralWallMain_material
1195772,GeneralWallMain_material
1196963,GeneralWallMain_material
1197054,GeneralWallMain_material
1197109,GeneralWallMain_material
1196488,GeneralWallMain_material
1196447,GeneralWallMain_material
1196545,GeneralWallMain_material
1196597,GeneralWallMain_material
1202264,GeneralWallMain_material
1202298,GeneralWallMain_material
1207784,GeneralWallMain_material
1944279,GeneralWallMain_material
1944381,GeneralWallMain_material
1195192,GeneralWallMain_material
1202407,GeneralWallMain_material
1196447,GeneralWallMain_material
1195243,GeneralWallMain_material
1209662,GeneralWallMain_material
1209976,GeneralWallMain_material
1196545,GeneralWallMain_material
1196597,GeneralWallMain_material
1196805,GeneralWallMain_material
1196488,GeneralWallMain_material
1196696,GeneralWallMain_material
1223580,GeneralWallMain_material
1198142,GeneralWallMain_material
1197999,GeneralWallMain_material
1202672,GeneralWallMain_material
1202608,GeneralWallMain_material
1197618,GeneralWallMain_material
1202474,GeneralWallMain_material
1912480,GeneralWallMain_material
1197054,GeneralWallMain_material
1911163,GeneralMouldCeiling
1911403,GeneralMouldCeiling
1911639,GeneralMouldCeiling
1911719,GeneralMouldCeiling
1911778,GeneralMouldCeiling
1912543,GeneralMouldCeiling
1914022,GeneralMouldCeiling
1914285,GeneralMouldCeiling
1916434,GeneralMouldCeiling
1916696,GeneralMouldCeiling
1950299,GeneralMouldCeiling
1911210,BedroomMouldCeiling
1911487,BedroomMouldCeiling
1940432,BedroomMouldCeiling
1911322,LivingMouldCeiling
1912965,GeneralMouldFloor
1913571,GeneralMouldFloor
1913622,GeneralMouldFloor
1913914,GeneralMouldFloor
1914085,GeneralMouldFloor
1943515,GeneralMouldFloor
1944605,GeneralMouldFloor
1949064,GeneralMouldFloor
1950247,GeneralMouldFloor
1950428,GeneralMouldFloor
1913360,BedroomMouldFloor
1940475,BedroomMouldFloor
1914516,KitchenMouldCeiling
1937418,KitchenMouldFloor
1203169,KitchenFloorMain_material
1203035,Bedroom1FloorMain_material
1203071,Bedroom1FloorMain_material
1203132,FoyerFloorMain_material
1203151,LivingFloorMain_material
1203159,LivingFloorAccent_material
1456755,BedroomFurnitureBed
1413478,BedroomFurnitureBed
1456850,BedroomFurnitureStand
1456943,BedroomFurnitureStand
1419769,BedroomFurnitureStand
1419910,BedroomFurnitureStand
1951764,ClosetFurnitureMillwork
1951882,ClosetFurnitureMillwork
1951976,ClosetFurnitureMillwork
1920133,ClosetFurnitureMillwork
1919902,ClosetFurnitureMillwork
1920021,ClosetFurnitureMillwork
1316982,LivingFurnitureCouch
1316845,LivingFurnitureCouch
1401576,LivingFurnitureChair
1401721,LivingFurnitureChair
1904363,LivingFurnitureChair
1405736,LivingFurnitureCenter_table
1903581,LivingFurnitureCenter_table
1423843,LivingFurnitureRug
1903682,LivingFurnitureRug
1904200,LivingFurnitureSide_table
1904570,LivingFurnitureSide_table
1904282,LivingFurnitureLamp
1904650,LivingFurnitureLamp
1918870,LivingFurnitureArt
1956497,LivingFurnitureArt
1900808,KitchenEquipmentRefrigerator
1900809,KitchenEquipmentRefrigerator
1900808,KitchenEquipmentRefrigerator
1900809,KitchenEquipmentRefrigerator
1900808,KitchenEquipmentRefrigerator
1900809,KitchenEquipmentRefrigerator
1955532,KitchenEquipmentHood
1955532,KitchenEquipmentHood
1899406,DiningFurnitureDining_set
1955399,KitchenEquipmentRange
1903477,KitchenFixturesSink
1198685,BedroomDoorSmall
1198579,BedroomDoorSmall
1198646,BedroomDoorSmall
1198736,BedroomDoorSmall
1199265,BedroomDoorLarge
1199528,InteriorTrim
1199851,InteriorTrim
1199970,InteriorTrim
1200019,InteriorTrim
1200097,InteriorTrim
1200179,InteriorTrim
1200223,InteriorTrim
1200274,InteriorTrim
1200311,InteriorTrim
1200348,InteriorTrim
1200414,InteriorTrim
1200485,InteriorTrim
1200643,InteriorTrim
1200706,InteriorTrim
1199446,InteriorTrim
1199760,InteriorTrim
1199446,GeneralTrimThreshold
1199760,LivingTrimThreshold
1199528,GeneralWindowBlinds
1199970,GeneralWindowBlinds
1200179,GeneralWindowBlinds
1200223,GeneralWindowBlinds
1200348,GeneralWindowBlinds
1200414,GeneralWindowBlinds
1200485,GeneralWindowBlinds
1200643,GeneralWindowBlinds
1200706,GeneralWindowBlinds
1200097,LivingWindowBlinds
1200097,LivingWindowBlinds
1200274,LivingWindowBlinds
1200274,LivingWindowBlinds
1200311,LivingWindowBlinds
1200311,LivingWindowBlinds
1199851,BedroomWindowBlinds
1199851,BedroomWindowBlinds
1200019,BedroomWindowBlinds
1200019,BedroomWindowBlinds
1203318,LivingCeilingMaterial
1203269,BedroomCeilingMaterial
